{"max_cluster": [], "min_cluster": [], "max_cell": [-0.7043040990829468, 5096.7998046875, 2749.588623046875, 2749.998291015625], "min_cell": [-3.5154500007629395, 3809.800048828125, -2749.987548828125, -2749.971435546875], "mean_cluster": [], "std_cluster": [], "mean_cell": [-1.020236849784851, 2089.445068359375, -117.48978424072266, 0.451702356338501], "std_cell": [1.4284515380859375, 1489.591552734375, 798.3634033203125, 798.9832763671875]}